step,train_loss_step,epoch,val_loss,train_loss_epoch
49,0.04843306168913841,0,,
99,0.019826551899313927,0,,
149,0.015392618253827095,0,,
199,0.012620539404451847,0,,
249,0.011070186272263527,0,,
299,0.010087601840496063,0,,
349,0.008559342473745346,0,,
399,0.008746990002691746,0,,
449,0.006274698302149773,0,,
499,0.008130419999361038,0,,
549,0.008220981806516647,0,,
599,0.006633820943534374,0,,
649,0.006677527446299791,0,,
699,0.006838747765868902,0,,
749,0.006982181686908007,0,,
799,0.006075398065149784,0,,
849,0.006333167664706707,0,,
899,0.005941320676356554,0,,
949,0.006177602801471949,0,,
999,0.006641284096986055,0,,
1049,0.006362693849951029,0,,
1099,0.006064953748136759,0,,
1149,0.006552789360284805,0,,
1199,0.006100672297179699,0,,
1249,0.007116350810974836,0,,
1299,0.006270199082791805,0,,
1349,0.006269671022891998,0,,
1399,0.005787191912531853,0,,
1449,0.005945359356701374,0,,
1499,0.006231339182704687,0,,
1549,0.004867992363870144,0,,
1599,0.0058921948075294495,0,,
1649,0.005829442758113146,0,,
1699,0.006307670846581459,0,,
1749,0.005171877332031727,0,,
1799,0.006428593769669533,0,,
1849,0.00541028892621398,0,,
1899,0.005556081887334585,0,,
1949,0.0053619747050106525,0,,
1999,0.006451463792473078,0,,
2049,0.005405428819358349,0,,
2099,0.005092458333820105,0,,
2149,0.006413696799427271,0,,
2199,0.006144510582089424,0,,
2249,0.006882105488330126,0,,
2299,0.00604815362021327,0,,
2349,0.005846827756613493,0,,
2399,0.006181543227285147,0,,
2449,0.004860653541982174,0,,
2499,0.006038082763552666,0,,
2549,0.00558816734701395,0,,
2599,0.005239071324467659,0,,
2649,0.005278123077005148,0,,
2699,0.005192638840526342,0,,
2749,0.005931613501161337,0,,
2799,0.0048118759877979755,0,,
2849,0.005315616726875305,0,,
2899,0.0058283498510718346,0,,
2949,0.0057037570513784885,0,,
2999,0.006583436857908964,0,,
3049,0.0055664884857833385,0,,
3099,0.005302575416862965,0,,
3149,0.004402242600917816,0,,
3199,0.005112944170832634,0,,
3249,0.006458933465182781,0,,
3299,0.005775946192443371,0,,
3349,0.005293490830808878,0,,
3399,0.006195591297000647,0,,
3449,0.003723474685102701,0,,
3499,0.005547064356505871,0,,
3549,0.005835340823978186,0,,
3599,0.006244370713829994,0,,
3649,0.006595573853701353,0,,
3699,0.006575167644768953,0,,
3749,0.005591025575995445,0,,
3799,0.006260968279093504,0,,
3849,0.004056983161717653,0,,
3899,0.005751316901296377,0,,
3949,0.005629762075841427,0,,
3999,0.005407026968896389,0,,
4049,0.005040937568992376,0,,
4099,0.005342284217476845,0,,
4149,0.00613456591963768,0,,
4199,0.004747606813907623,0,,
4249,0.005594063084572554,0,,
4299,0.007499563507735729,0,,
4349,0.005869788583368063,0,,
4399,0.005063995718955994,0,,
4449,0.005463489796966314,0,,
4499,0.005078314337879419,0,,
4549,0.005242221988737583,0,,
4599,0.00470481812953949,0,,
4649,0.007052415981888771,0,,
4699,0.006105045787990093,0,,
4749,0.0054154349491000175,0,,
4799,0.0053838565945625305,0,,
4849,0.0057428316213190556,0,,
4899,0.005742144770920277,0,,
4949,0.004711129702627659,0,,
4999,0.005224183667451143,0,,
5049,0.00640841806307435,0,,
5099,0.00471876934170723,0,,
5149,0.005891932640224695,0,,
5199,0.00481208274140954,0,,
5249,0.005071843508630991,0,,
5299,0.00633199792355299,0,,
5349,0.007431320380419493,0,,
5399,0.005415217485278845,0,,
5449,0.005735513288527727,0,,
5499,0.004606254864484072,0,,
5549,0.005986680742353201,0,,
5599,0.005382542498409748,0,,
5649,0.005029675550758839,0,,
5699,0.0041975839994847775,0,,
5749,0.005627976730465889,0,,
5799,0.00629686051979661,0,,
5849,0.006000424735248089,0,,
5899,0.0050622085109353065,0,,
5949,0.004834107588976622,0,,
5999,0.0061946650967001915,0,,
6049,0.006850452162325382,0,,
6099,0.005902688484638929,0,,
6149,0.005399215500801802,0,,
6199,0.005554618313908577,0,,
6249,0.004037467297166586,0,,
6299,0.006131808273494244,0,,
6349,0.006581279914826155,0,,
6399,0.005196793470531702,0,,
6449,0.004950784146785736,0,,
6499,0.005780917592346668,0,,
6549,0.006164576858282089,0,,
6599,0.005737813655287027,0,,
6649,0.006526963785290718,0,,
6699,0.004512762185186148,0,,
6749,0.004950319416821003,0,,
6799,0.0050971307791769505,0,,
6849,0.005186837166547775,0,,
6899,0.005772753152996302,0,,
6948,,0,0.006048327311873436,
6948,,0,,0.008476771414279938
6949,0.0053293099626898766,1,,
6999,0.0059219240210950375,1,,
7049,0.005418189335614443,1,,
7099,0.006164150312542915,1,,
7149,0.004138702992349863,1,,
7199,0.006232529878616333,1,,
7249,0.00545168574899435,1,,
7299,0.005825978238135576,1,,
7349,0.005875598639249802,1,,
7399,0.005014084745198488,1,,
7449,0.006504674442112446,1,,
7499,0.004678886383771896,1,,
7549,0.005784548819065094,1,,
7599,0.00593802472576499,1,,
7649,0.005719330161809921,1,,
7699,0.005733873229473829,1,,
7749,0.005646353587508202,1,,
7799,0.004985985811799765,1,,
7849,0.0052022915333509445,1,,
7899,0.005540036596357822,1,,
7949,0.0059226700104773045,1,,
7999,0.005151543766260147,1,,
8049,0.005015277769416571,1,,
8099,0.006063403561711311,1,,
8149,0.005443144589662552,1,,
8199,0.005958454217761755,1,,
8249,0.005441936198621988,1,,
8299,0.005745237227529287,1,,
8349,0.004829610697925091,1,,
8399,0.006515348795801401,1,,
8449,0.005759424064308405,1,,
8499,0.004627978429198265,1,,
8549,0.005808881018310785,1,,
8599,0.0061894855462014675,1,,
8649,0.005521310027688742,1,,
8699,0.004914332181215286,1,,
8749,0.006138255354017019,1,,
8799,0.0058508324436843395,1,,
8849,0.005434203892946243,1,,
8899,0.005751559976488352,1,,
8949,0.007180423941463232,1,,
8999,0.005191308446228504,1,,
9049,0.005105518735945225,1,,
9099,0.004328091163188219,1,,
9149,0.006302420515567064,1,,
9199,0.005541372578591108,1,,
9249,0.005293910391628742,1,,
9299,0.00536707416176796,1,,
9349,0.005745393224060535,1,,
9399,0.006158835254609585,1,,
9449,0.006510344333946705,1,,
9499,0.006468020845204592,1,,
9549,0.0055885352194309235,1,,
9599,0.006002701353281736,1,,
9649,0.005603041499853134,1,,
9699,0.005158850457519293,1,,
9749,0.004761166870594025,1,,
9799,0.005759340710937977,1,,
9849,0.005897177383303642,1,,
9899,0.005413297098129988,1,,
9949,0.0055734533816576,1,,
9999,0.006248600780963898,1,,
10049,0.005018210969865322,1,,
10099,0.005794526543468237,1,,
10149,0.006039162632077932,1,,
10199,0.004796977620571852,1,,
10249,0.005174688994884491,1,,
10299,0.005270744673907757,1,,
10349,0.005182436667382717,1,,
10399,0.005306447856128216,1,,
10449,0.005192394834011793,1,,
10499,0.0048478152602910995,1,,
10549,0.005655106157064438,1,,
10599,0.0057513900101184845,1,,
10649,0.005114698316901922,1,,
10699,0.005171176046133041,1,,
10749,0.00611219834536314,1,,
10799,0.004706415813416243,1,,
10849,0.005981948226690292,1,,
10899,0.005110746715217829,1,,
10949,0.005578579846769571,1,,
10999,0.006648830603808165,1,,
11049,0.005421957466751337,1,,
11099,0.004818823654204607,1,,
11149,0.005577783565968275,1,,
11199,0.00644478527829051,1,,
11249,0.0058252462185919285,1,,
11299,0.005742006003856659,1,,
11349,0.006333226803690195,1,,
11399,0.005564476363360882,1,,
11449,0.005809455644339323,1,,
11499,0.005481630098074675,1,,
11549,0.00485407467931509,1,,
11599,0.004995033144950867,1,,
11649,0.005088458303362131,1,,
11699,0.004173649474978447,1,,
11749,0.006401479244232178,1,,
11799,0.005385118070989847,1,,
11849,0.0053934394381940365,1,,
11899,0.005226806737482548,1,,
11949,0.0063666426576673985,1,,
11999,0.005341365933418274,1,,
12049,0.004792424384504557,1,,
12099,0.005095178261399269,1,,
12149,0.004906070418655872,1,,
12199,0.004688562359660864,1,,
12249,0.0056674899533391,1,,
12299,0.0061570145189762115,1,,
12349,0.005529141053557396,1,,
12399,0.005217935424298048,1,,
12449,0.0045386552810668945,1,,
12499,0.006145218387246132,1,,
12549,0.005604584701359272,1,,
12599,0.006046165246516466,1,,
12649,0.0040349350310862064,1,,
12699,0.005271695554256439,1,,
12749,0.005318777170032263,1,,
12799,0.005077457055449486,1,,
12849,0.004768632352352142,1,,
12899,0.004773649852722883,1,,
12949,0.006660740356892347,1,,
12999,0.00604426022619009,1,,
13049,0.004895047750324011,1,,
13099,0.006165771279484034,1,,
13149,0.004613194148987532,1,,
13199,0.004871698562055826,1,,
13249,0.005368363577872515,1,,
13299,0.005909895058721304,1,,
13349,0.005286193452775478,1,,
13399,0.0055731902830302715,1,,
13449,0.005102032795548439,1,,
13499,0.005430910270661116,1,,
13549,0.006361005827784538,1,,
13599,0.005117245949804783,1,,
13649,0.00447381567209959,1,,
13699,0.005992155522108078,1,,
13749,0.005166251212358475,1,,
13799,0.005469814874231815,1,,
13849,0.005004289094358683,1,,
13897,,1,0.0054835663177073,
13897,,1,,0.005433924961835146
13899,0.00545205594971776,2,,
13949,0.005446668714284897,2,,
13999,0.004534132778644562,2,,
14049,0.005539217498153448,2,,
14099,0.006013974547386169,2,,
14149,0.005310473032295704,2,,
14199,0.005026135593652725,2,,
14249,0.0050763399340212345,2,,
14299,0.0055272639729082584,2,,
14349,0.004912098404020071,2,,
14399,0.004874763078987598,2,,
14449,0.004509893245995045,2,,
14499,0.006216596346348524,2,,
14549,0.0044944570399820805,2,,
14599,0.0046636685729026794,2,,
14649,0.005575980059802532,2,,
14699,0.005986777134239674,2,,
14749,0.0069099063985049725,2,,
14799,0.005976244807243347,2,,
14849,0.005348351784050465,2,,
14899,0.0053495015017688274,2,,
14949,0.005362751428037882,2,,
14999,0.00587996793910861,2,,
15049,0.004592005629092455,2,,
15099,0.005334547255188227,2,,
15149,0.005761410109698772,2,,
15199,0.005807180423289537,2,,
15249,0.005174841731786728,2,,
15299,0.004845060408115387,2,,
15349,0.005334742367267609,2,,
15399,0.005153870675712824,2,,
15449,0.005578742362558842,2,,
15499,0.004822734277695417,2,,
15549,0.004165681079030037,2,,
15599,0.00512291444465518,2,,
15649,0.004614782985299826,2,,
15699,0.005231639835983515,2,,
15749,0.00598602369427681,2,,
15799,0.004747978411614895,2,,
15849,0.005435395985841751,2,,
15899,0.00555758411064744,2,,
15949,0.0049934047274291515,2,,
15999,0.005778272170573473,2,,
16049,0.004696598742157221,2,,
16099,0.005741019267588854,2,,
16149,0.005616301205009222,2,,
16199,0.00477586267516017,2,,
16249,0.005269617307931185,2,,
16299,0.005181861110031605,2,,
16349,0.005151382181793451,2,,
16399,0.006100855767726898,2,,
16449,0.0047554620541632175,2,,
16499,0.005166309420019388,2,,
16549,0.004905793350189924,2,,
16599,0.0050215651281178,2,,
16649,0.004697895143181086,2,,
16699,0.004670902155339718,2,,
16749,0.00538208382204175,2,,
16799,0.0066124009899795055,2,,
16849,0.004474401939660311,2,,
16899,0.006500657182186842,2,,
16949,0.004800888709723949,2,,
16999,0.005937543231993914,2,,
17049,0.004790554754436016,2,,
17099,0.005949163343757391,2,,
17149,0.005387523677200079,2,,
17199,0.0057546282187104225,2,,
17249,0.0056855459697544575,2,,
17299,0.00446248147636652,2,,
17349,0.004528949037194252,2,,
17399,0.004908858798444271,2,,
17449,0.004582680761814117,2,,
17499,0.004859277047216892,2,,
17549,0.0060045658610761166,2,,
17599,0.006333967205137014,2,,
17649,0.004614634905010462,2,,
17699,0.005037559662014246,2,,
17749,0.004814970772713423,2,,
17799,0.007147723808884621,2,,
17849,0.004998436663299799,2,,
17899,0.005224792752414942,2,,
17949,0.005310481414198875,2,,
17999,0.006075688637793064,2,,
18049,0.0055200569331645966,2,,
18099,0.00489539559930563,2,,
18149,0.004110695794224739,2,,
18199,0.005836200434714556,2,,
18249,0.006190873216837645,2,,
18299,0.005172650795429945,2,,
18349,0.00409184955060482,2,,
18399,0.005506713874638081,2,,
18449,0.003850908251479268,2,,
18499,0.0048162564635276794,2,,
18549,0.004112804774194956,2,,
18599,0.005835403222590685,2,,
18649,0.005251941736787558,2,,
18699,0.005944660399109125,2,,
18749,0.004763851407915354,2,,
18799,0.004956584423780441,2,,
18849,0.005261737387627363,2,,
18899,0.006457926705479622,2,,
18949,0.0064405594021081924,2,,
18999,0.004503420554101467,2,,
19049,0.004177647642791271,2,,
19099,0.005460676737129688,2,,
19149,0.005828700494021177,2,,
19199,0.00496409647166729,2,,
19249,0.00602357042953372,2,,
19299,0.0050020646303892136,2,,
19349,0.005774136167019606,2,,
19399,0.0051754312589764595,2,,
19449,0.005581608507782221,2,,
19499,0.005846764426678419,2,,
19549,0.004138927906751633,2,,
19599,0.005740535445511341,2,,
19649,0.006522665731608868,2,,
19699,0.005255226977169514,2,,
19749,0.004999712575227022,2,,
19799,0.005444574635475874,2,,
19849,0.006715100724250078,2,,
19899,0.005389383062720299,2,,
19949,0.00491364998742938,2,,
19999,0.00618361122906208,2,,
20049,0.005721644498407841,2,,
20099,0.004816359840333462,2,,
20149,0.005277366377413273,2,,
20199,0.003836891381070018,2,,
20249,0.0051322076469659805,2,,
20299,0.004762942902743816,2,,
20349,0.004583876114338636,2,,
20399,0.005838831886649132,2,,
20449,0.005762162618339062,2,,
20499,0.005700132809579372,2,,
20549,0.00516970269382,2,,
20599,0.005548056215047836,2,,
20649,0.004943850915879011,2,,
20699,0.0059916554018855095,2,,
20749,0.004829556215554476,2,,
20799,0.004403125494718552,2,,
20846,,2,0.005441705230623484,
20846,,2,,0.005301778670400381
20849,0.003940821159631014,3,,
20899,0.005814983043819666,3,,
20949,0.005105332471430302,3,,
20999,0.005289680324494839,3,,
21049,0.004596013110131025,3,,
21099,0.00570635637268424,3,,
21149,0.004703522194176912,3,,
21199,0.004943482577800751,3,,
21249,0.00535529013723135,3,,
21299,0.006109569687396288,3,,
21349,0.0039812312461435795,3,,
21399,0.006126397289335728,3,,
21449,0.004364349879324436,3,,
21499,0.00519147701561451,3,,
21549,0.005396751686930656,3,,
21599,0.005141193978488445,3,,
21649,0.0058866688050329685,3,,
21699,0.006286489777266979,3,,
21749,0.004952178802341223,3,,
21799,0.004529809579253197,3,,
21849,0.0056383744813501835,3,,
21899,0.006158217787742615,3,,
21949,0.006613903678953648,3,,
21999,0.004944143816828728,3,,
22049,0.005073625594377518,3,,
22099,0.005803090054541826,3,,
22149,0.00436429213732481,3,,
22199,0.004843425936996937,3,,
22249,0.004198204725980759,3,,
22299,0.005045602098107338,3,,
22349,0.004457879811525345,3,,
22399,0.005323830991983414,3,,
22449,0.004892844706773758,3,,
22499,0.00516243651509285,3,,
22549,0.004363261163234711,3,,
22599,0.0066499169915914536,3,,
22649,0.005790842697024345,3,,
22699,0.004561008419841528,3,,
22749,0.004016736522316933,3,,
22799,0.004847383592277765,3,,
22849,0.005637992639094591,3,,
22899,0.004921063780784607,3,,
22949,0.005986782256513834,3,,
22999,0.005411295685917139,3,,
23049,0.0054023959673941135,3,,
23099,0.00517282634973526,3,,
23149,0.0055389064364135265,3,,
23199,0.005145116709172726,3,,
23249,0.005124922841787338,3,,
23299,0.005106049124151468,3,,
23349,0.004962921608239412,3,,
23399,0.004447315353900194,3,,
23449,0.0051613980904221535,3,,
23499,0.005488896742463112,3,,
23549,0.0046385047025978565,3,,
23599,0.004775708075612783,3,,
23649,0.005621011834591627,3,,
23699,0.004765642806887627,3,,
23749,0.004734931048005819,3,,
23799,0.004930735565721989,3,,
23849,0.0045402697287499905,3,,
23899,0.0052324621938169,3,,
23949,0.005397252272814512,3,,
23999,0.0050348639488220215,3,,
24049,0.005620115902274847,3,,
24099,0.004510106984525919,3,,
24149,0.005379566457122564,3,,
24199,0.004419855773448944,3,,
24249,0.00496445270255208,3,,
24299,0.00525322463363409,3,,
24349,0.004790510516613722,3,,
24399,0.0052397409453988075,3,,
24449,0.006273777224123478,3,,
24499,0.00530249672010541,3,,
24549,0.005437050014734268,3,,
24599,0.005196769721806049,3,,
24649,0.005889464635401964,3,,
24699,0.00565742002800107,3,,
24749,0.0047933561727404594,3,,
24799,0.004468402825295925,3,,
24849,0.005869617685675621,3,,
24899,0.004409377463161945,3,,
24949,0.00559744518250227,3,,
24999,0.005738105624914169,3,,
25049,0.004621495027095079,3,,
25099,0.0052686226554214954,3,,
25149,0.00483701191842556,3,,
25199,0.005026601254940033,3,,
25249,0.004930908791720867,3,,
25299,0.005652585066854954,3,,
25349,0.006527561228722334,3,,
25399,0.004391915164887905,3,,
25449,0.005648006685078144,3,,
25499,0.005161711014807224,3,,
25549,0.004786302801221609,3,,
25599,0.005512669682502747,3,,
25649,0.004684684332460165,3,,
25699,0.005766096990555525,3,,
25749,0.005128986202180386,3,,
25799,0.004935844335705042,3,,
25849,0.004805444739758968,3,,
25899,0.00502905435860157,3,,
25949,0.005571948830038309,3,,
25999,0.005797829944640398,3,,
26049,0.005611183121800423,3,,
26099,0.005582195241004229,3,,
26149,0.00581313855946064,3,,
26199,0.005512537434697151,3,,
26249,0.0035636923275887966,3,,
26299,0.005568570923060179,3,,
26349,0.005109307821840048,3,,
26399,0.005909221712499857,3,,
26449,0.004384072031825781,3,,
26499,0.005625256337225437,3,,
26549,0.006746233440935612,3,,
26599,0.005352755542844534,3,,
26649,0.005298435688018799,3,,
26699,0.005510772578418255,3,,
26749,0.0055100624449551105,3,,
26799,0.005847951862961054,3,,
26849,0.0050018662586808205,3,,
26899,0.0048273177817463875,3,,
26949,0.005954169202595949,3,,
26999,0.006042017135769129,3,,
27049,0.005767728667706251,3,,
27099,0.0058739944361150265,3,,
27149,0.005272372625768185,3,,
27199,0.006144322454929352,3,,
27249,0.005695344880223274,3,,
27299,0.005888410843908787,3,,
27349,0.004980349913239479,3,,
27399,0.005050926003605127,3,,
27449,0.005739086307585239,3,,
27499,0.005465649534016848,3,,
27549,0.005822781007736921,3,,
27599,0.006422516889870167,3,,
27649,0.005437589716166258,3,,
27699,0.005221999250352383,3,,
27749,0.005109245888888836,3,,
27795,,3,0.005297974217683077,
27795,,3,,0.005227033514529467
27799,0.00442669540643692,4,,
27849,0.0056638289242982864,4,,
27899,0.00507135596126318,4,,
27949,0.005852517206221819,4,,
27999,0.0047673932276666164,4,,
28049,0.004496879409998655,4,,
28099,0.004851075354963541,4,,
28149,0.005251315422356129,4,,
28199,0.0049326298758387566,4,,
28249,0.004154367372393608,4,,
28299,0.0052590095438063145,4,,
28349,0.004112847149372101,4,,
28399,0.0047380803152918816,4,,
28449,0.004917565267533064,4,,
28499,0.005850671790540218,4,,
28549,0.0053824251517653465,4,,
28599,0.005460287909954786,4,,
28649,0.005154937971383333,4,,
28699,0.005119790323078632,4,,
28749,0.005761090666055679,4,,
28799,0.005826993845403194,4,,
28849,0.006405360531061888,4,,
28899,0.006409777794033289,4,,
28949,0.004041144624352455,4,,
28999,0.004806590266525745,4,,
29049,0.005988503806293011,4,,
29099,0.005457409657537937,4,,
29149,0.005700539331883192,4,,
29199,0.005122524220496416,4,,
29249,0.005628312472254038,4,,
29299,0.004929919261485338,4,,
29349,0.006021376699209213,4,,
29399,0.005142416805028915,4,,
29449,0.005094449035823345,4,,
29499,0.004974689334630966,4,,
29549,0.004818150773644447,4,,
29599,0.005456722341477871,4,,
29649,0.005181722342967987,4,,
29699,0.005965820979326963,4,,
29749,0.005646993406116962,4,,
29799,0.0058534760028123856,4,,
29849,0.004734447691589594,4,,
29899,0.0053647723980247974,4,,
29949,0.005801686085760593,4,,
29999,0.005448999349027872,4,,
30049,0.005307331215590239,4,,
30099,0.0041948286816477776,4,,
30149,0.0050740535371005535,4,,
30199,0.0050793723203241825,4,,
30249,0.004364596679806709,4,,
30299,0.00594180915504694,4,,
30349,0.004726261831820011,4,,
30399,0.006195299327373505,4,,
30449,0.00581525731831789,4,,
30499,0.005038957577198744,4,,
30549,0.005601563490927219,4,,
30599,0.004141322802752256,4,,
30649,0.004543295130133629,4,,
30699,0.0054738447070121765,4,,
30749,0.0049804700538516045,4,,
30799,0.00516086770221591,4,,
30849,0.005624002777040005,4,,
30899,0.005036129150539637,4,,
30949,0.005499690771102905,4,,
30999,0.0049924529157578945,4,,
31049,0.004986772313714027,4,,
31099,0.005083846393972635,4,,
31149,0.005360524170100689,4,,
31199,0.0048262192867696285,4,,
31249,0.006848854478448629,4,,
31299,0.004877598024904728,4,,
31349,0.005781122483313084,4,,
31399,0.004850796889513731,4,,
31449,0.006203442811965942,4,,
31499,0.005315122660249472,4,,
31549,0.005855115596204996,4,,
31599,0.004673399496823549,4,,
31649,0.0038177710957825184,4,,
31699,0.005177377723157406,4,,
31749,0.005129463970661163,4,,
31799,0.005410775542259216,4,,
31849,0.00558044295758009,4,,
31899,0.005933812353760004,4,,
31949,0.0052948701195418835,4,,
31999,0.005847594700753689,4,,
32049,0.005425309296697378,4,,
32099,0.005031605251133442,4,,
32149,0.005528382491320372,4,,
32199,0.006094121374189854,4,,
32249,0.0050039454363286495,4,,
32299,0.0052327318117022514,4,,
32349,0.00515911215916276,4,,
32399,0.005948915611952543,4,,
32449,0.006102812010794878,4,,
32499,0.005182505119591951,4,,
32549,0.005472776014357805,4,,
32599,0.005562968552112579,4,,
32649,0.006063513457775116,4,,
32699,0.004395540803670883,4,,
32749,0.00445644510909915,4,,
32799,0.0050741685554385185,4,,
32849,0.005473553203046322,4,,
32899,0.004676006734371185,4,,
32949,0.004988636821508408,4,,
32999,0.0050421543419361115,4,,
33049,0.005449662450700998,4,,
33099,0.004155529197305441,4,,
33149,0.004617516417056322,4,,
33199,0.0055706738494336605,4,,
33249,0.004586399998515844,4,,
33299,0.004721402656286955,4,,
33349,0.00507815508171916,4,,
33399,0.005887974984943867,4,,
33449,0.0054486473090946674,4,,
33499,0.005627143196761608,4,,
33549,0.004677488934248686,4,,
33599,0.005353790707886219,4,,
33649,0.005433513782918453,4,,
33699,0.00498408917337656,4,,
33749,0.005544611718505621,4,,
33799,0.005608640611171722,4,,
33849,0.0046524531207978725,4,,
33899,0.005137513391673565,4,,
33949,0.005765803158283234,4,,
33999,0.00573241151869297,4,,
34049,0.0058373878709971905,4,,
34099,0.004578698426485062,4,,
34149,0.005433067679405212,4,,
34199,0.0049535613507032394,4,,
34249,0.00704603036865592,4,,
34299,0.00640169158577919,4,,
34349,0.005651245824992657,4,,
34399,0.004517058376222849,4,,
34449,0.004187540151178837,4,,
34499,0.00564295519143343,4,,
34549,0.004111332818865776,4,,
34599,0.004327826667577028,4,,
34649,0.004990887828171253,4,,
34699,0.004717073403298855,4,,
34744,,4,0.0054074921645224094,
34744,,4,,0.0051762755028903484
34749,0.0058348397724330425,5,,
34799,0.005793886259198189,5,,
34849,0.004952624440193176,5,,
34899,0.004915115889161825,5,,
34949,0.005804222077131271,5,,
34999,0.005374832544475794,5,,
35049,0.004366823472082615,5,,
35099,0.005984628573060036,5,,
35149,0.004542262759059668,5,,
35199,0.004734687972813845,5,,
35249,0.004541147965937853,5,,
35299,0.005194856785237789,5,,
35349,0.004964374005794525,5,,
35399,0.004843845032155514,5,,
35449,0.004979381337761879,5,,
35499,0.005135718267410994,5,,
35549,0.0047102863900363445,5,,
35599,0.005231755319982767,5,,
35649,0.005640323273837566,5,,
35699,0.005037121009081602,5,,
35749,0.00578233553096652,5,,
35799,0.005023564212024212,5,,
35849,0.004715872462838888,5,,
35899,0.005318457260727882,5,,
35949,0.0052610174752771854,5,,
35999,0.006157207768410444,5,,
36049,0.0047483486123383045,5,,
36099,0.005179610103368759,5,,
36149,0.0053232088685035706,5,,
36199,0.0057752723805606365,5,,
36249,0.0060783131048083305,5,,
36299,0.004934738855808973,5,,
36349,0.005195103120058775,5,,
36399,0.0041523221880197525,5,,
36449,0.003976321779191494,5,,
36499,0.0050783404149115086,5,,
36549,0.00556789617985487,5,,
36599,0.004844212904572487,5,,
36649,0.0058248164132237434,5,,
36699,0.005479924380779266,5,,
36749,0.005184232257306576,5,,
36799,0.0046998923644423485,5,,
36849,0.00480818934738636,5,,
36899,0.005313175730407238,5,,
36949,0.005325120873749256,5,,
36999,0.00437955092638731,5,,
37049,0.005018198862671852,5,,
37099,0.006227347534149885,5,,
37149,0.003721446031704545,5,,
37199,0.005259937606751919,5,,
37249,0.005418446380645037,5,,
37299,0.004612658638507128,5,,
37349,0.005305503960698843,5,,
37399,0.005180498585104942,5,,
37449,0.004973165225237608,5,,
37499,0.004818769171833992,5,,
37549,0.005535587202757597,5,,
37599,0.004794955253601074,5,,
37649,0.005958442576229572,5,,
37699,0.00493244593963027,5,,
37749,0.004709574393928051,5,,
37799,0.005270023830235004,5,,
37849,0.005493714474141598,5,,
37899,0.004497627727687359,5,,
37949,0.004948025569319725,5,,
37999,0.005317698232829571,5,,
38049,0.004647674970328808,5,,
38099,0.0048236483708024025,5,,
38149,0.006280532106757164,5,,
38199,0.004836518783122301,5,,
38249,0.005950504913926125,5,,
38299,0.005425634793937206,5,,
38349,0.00529205659404397,5,,
38399,0.004911293741315603,5,,
38449,0.005456496030092239,5,,
38499,0.0048433952033519745,5,,
38549,0.006144844926893711,5,,
38599,0.004707015585154295,5,,
38649,0.005619572009891272,5,,
38699,0.00529482401907444,5,,
38749,0.00482258340343833,5,,
38799,0.004048107657581568,5,,
38849,0.005315714981406927,5,,
38899,0.0046356734819710255,5,,
38949,0.006090268958359957,5,,
38999,0.005534785334020853,5,,
39049,0.005207889247685671,5,,
39099,0.005016347859054804,5,,
39149,0.005459717940539122,5,,
39199,0.004833356011658907,5,,
39249,0.004623645916581154,5,,
39299,0.0051928018219769,5,,
39349,0.005441280081868172,5,,
39399,0.004855910781770945,5,,
39449,0.006346156354993582,5,,
39499,0.003941097762435675,5,,
39549,0.004888934548944235,5,,
39599,0.0044731516391038895,5,,
39649,0.005745822563767433,5,,
39699,0.005100714974105358,5,,
39749,0.00472613237798214,5,,
39799,0.005751968361437321,5,,
39849,0.004310994874686003,5,,
39899,0.005650901701301336,5,,
39949,0.005741928704082966,5,,
39999,0.00430341949686408,5,,
40049,0.004934735596179962,5,,
40099,0.00622013071551919,5,,
40149,0.004478043410927057,5,,
40199,0.005049555096775293,5,,
40249,0.004945020657032728,5,,
40299,0.006418453995138407,5,,
40349,0.00585075793787837,5,,
40399,0.005100645590573549,5,,
40449,0.00489438883960247,5,,
40499,0.005484613589942455,5,,
40549,0.004808671306818724,5,,
40599,0.0051728482358157635,5,,
40649,0.004774587228894234,5,,
40699,0.005337208975106478,5,,
40749,0.005790793802589178,5,,
40799,0.00518413633108139,5,,
40849,0.006031867582350969,5,,
40899,0.005053795874118805,5,,
40949,0.0054222638718783855,5,,
40999,0.004579673521220684,5,,
41049,0.005755598656833172,5,,
41099,0.004577332176268101,5,,
41149,0.005240121856331825,5,,
41199,0.005824924446642399,5,,
41249,0.004576615523546934,5,,
41299,0.004740785341709852,5,,
41349,0.00521518150344491,5,,
41399,0.005998741369694471,5,,
41449,0.004973858594894409,5,,
41499,0.005152787547558546,5,,
41549,0.004580656532198191,5,,
41599,0.004825565963983536,5,,
41649,0.005768141243606806,5,,
41693,,5,0.005183609668165445,
41693,,5,,0.0051420205272734165
41699,0.005946103949099779,6,,
41749,0.004227899014949799,6,,
41799,0.004962407983839512,6,,
41849,0.005171646364033222,6,,
41899,0.0038848742842674255,6,,
41949,0.00563232135027647,6,,
41999,0.005757234524935484,6,,
42049,0.005556075368076563,6,,
42099,0.005735093727707863,6,,
42149,0.004201636649668217,6,,
42199,0.0048410831950604916,6,,
42249,0.004632012452930212,6,,
42299,0.0053628371097147465,6,,
42349,0.0047820862382650375,6,,
42399,0.004741024225950241,6,,
42449,0.005314700771123171,6,,
42499,0.004852179903537035,6,,
42549,0.005402862560003996,6,,
42599,0.005115910898894072,6,,
42649,0.005008493550121784,6,,
42699,0.0042357128113508224,6,,
42749,0.005257578566670418,6,,
42799,0.004784098826348782,6,,
42849,0.00555858388543129,6,,
42899,0.004616703372448683,6,,
42949,0.005261062178760767,6,,
42999,0.004738817922770977,6,,
43049,0.004825873300433159,6,,
43099,0.005230606999248266,6,,
43149,0.004672463051974773,6,,
43199,0.005613689310848713,6,,
43249,0.0046156346797943115,6,,
43299,0.005319610238075256,6,,
43349,0.006822710856795311,6,,
43399,0.004308513831347227,6,,
43449,0.005871972069144249,6,,
43499,0.004747518338263035,6,,
43549,0.004889538511633873,6,,
43599,0.005795689765363932,6,,
43649,0.005787139758467674,6,,
43699,0.004902330227196217,6,,
43749,0.005185220390558243,6,,
43799,0.004452684428542852,6,,
43849,0.00578221445903182,6,,
43899,0.0047910562716424465,6,,
43949,0.006091271992772818,6,,
43999,0.005413813982158899,6,,
44049,0.005536079406738281,6,,
44099,0.0052113463170826435,6,,
44149,0.005773605313152075,6,,
44199,0.004024852998554707,6,,
44249,0.006333050783723593,6,,
44299,0.00588197261095047,6,,
44349,0.005236158147454262,6,,
44399,0.0062497868202626705,6,,
44449,0.006188914179801941,6,,
44499,0.005526659078896046,6,,
44549,0.004187023267149925,6,,
44599,0.005966417957097292,6,,
44649,0.005480412859469652,6,,
44699,0.004359979648143053,6,,
44749,0.004311189986765385,6,,
44799,0.004336012993007898,6,,
44849,0.005238471087068319,6,,
44899,0.006161288358271122,6,,
44949,0.00484485412016511,6,,
44999,0.006001573987305164,6,,
45049,0.005466595757752657,6,,
45099,0.004649314098060131,6,,
45149,0.005470875650644302,6,,
45199,0.004221667535603046,6,,
45249,0.005660547409206629,6,,
45299,0.004990052431821823,6,,
45349,0.004710415843874216,6,,
45399,0.005379070993512869,6,,
45449,0.005047440063208342,6,,
45499,0.005167453549802303,6,,
45549,0.004487905185669661,6,,
45599,0.004513499792665243,6,,
45649,0.0048259226605296135,6,,
45699,0.0052004666067659855,6,,
45749,0.004961882717907429,6,,
45799,0.004273434169590473,6,,
45849,0.005006211809813976,6,,
45899,0.004835641477257013,6,,
45949,0.0050977724604308605,6,,
45999,0.004913055803626776,6,,
46049,0.004526328761130571,6,,
46099,0.003984060138463974,6,,
46149,0.0039013298228383064,6,,
46199,0.00485680578276515,6,,
46249,0.005818765144795179,6,,
46299,0.005261930171400309,6,,
46349,0.005054655950516462,6,,
46399,0.0044500818476080894,6,,
46449,0.004745049402117729,6,,
46499,0.004606703761965036,6,,
46549,0.006219863425940275,6,,
46599,0.006213253829628229,6,,
46649,0.006051262840628624,6,,
46699,0.006040339823812246,6,,
46749,0.00523946899920702,6,,
46799,0.004987979773432016,6,,
46849,0.004575514234602451,6,,
46899,0.006013506092131138,6,,
46949,0.005313332658261061,6,,
46999,0.004881754983216524,6,,
47049,0.004941426217556,6,,
47099,0.005515152122825384,6,,
47149,0.005716037470847368,6,,
47199,0.00517662987112999,6,,
47249,0.004782826639711857,6,,
47299,0.006016865372657776,6,,
47349,0.005711238831281662,6,,
47399,0.004672021605074406,6,,
47449,0.006604586262255907,6,,
47499,0.005361882504075766,6,,
47549,0.004293089732527733,6,,
47599,0.004834209103137255,6,,
47649,0.005132930353283882,6,,
47699,0.005710344761610031,6,,
47749,0.004671446047723293,6,,
47799,0.005515997763723135,6,,
47849,0.00543741462752223,6,,
47899,0.00509284995496273,6,,
47949,0.005353506654500961,6,,
47999,0.004682565573602915,6,,
48049,0.006047429516911507,6,,
48099,0.004804529715329409,6,,
48149,0.005353950429707766,6,,
48199,0.0042531550861895084,6,,
48249,0.00449497252702713,6,,
48299,0.005492340307682753,6,,
48349,0.004512793384492397,6,,
48399,0.005198441445827484,6,,
48449,0.004699087701737881,6,,
48499,0.004946902859956026,6,,
48549,0.0052983746863901615,6,,
48599,0.005074267275631428,6,,
48642,,6,0.0052832611836493015,
48642,,6,,0.005115191452205181
48649,0.005213379859924316,7,,
48699,0.005274461582303047,7,,
48749,0.005689824000000954,7,,
48799,0.004970424808561802,7,,
48849,0.005840442143380642,7,,
48899,0.005287819541990757,7,,
48949,0.005121343769133091,7,,
48999,0.004948478192090988,7,,
49049,0.004658978898078203,7,,
49099,0.004068275913596153,7,,
49149,0.003811216214671731,7,,
49199,0.0055647846311330795,7,,
49249,0.005261704791337252,7,,
49299,0.004389581270515919,7,,
49349,0.005690459627658129,7,,
49399,0.005284206476062536,7,,
49449,0.005377182736992836,7,,
49499,0.0057699717581272125,7,,
49549,0.005749332252889872,7,,
49599,0.00533412117511034,7,,
49649,0.0053461636416614056,7,,
49699,0.004639156628400087,7,,
49749,0.005140465218573809,7,,
49799,0.005637635942548513,7,,
49849,0.004799529444426298,7,,
49899,0.005681656766682863,7,,
49949,0.004134609829634428,7,,
49999,0.005981645546853542,7,,
50049,0.004124967381358147,7,,
50099,0.004745087120682001,7,,
50149,0.003976981155574322,7,,
50199,0.0038376478478312492,7,,
50249,0.004298707935959101,7,,
50299,0.0052468255162239075,7,,
50349,0.0050085000693798065,7,,
50399,0.005722821224480867,7,,
50449,0.004956984892487526,7,,
50499,0.004523284267634153,7,,
50549,0.004935776349157095,7,,
50599,0.0045611439272761345,7,,
50649,0.005927469581365585,7,,
50699,0.005882774479687214,7,,
50749,0.0048134042881429195,7,,
50799,0.0063237533904612064,7,,
50849,0.004262434784322977,7,,
50899,0.005253497511148453,7,,
50949,0.005415350664407015,7,,
50999,0.004884347319602966,7,,
51049,0.0049066985957324505,7,,
51099,0.0048475987277925014,7,,
51149,0.005048107355833054,7,,
51199,0.004409957677125931,7,,
51249,0.004869646392762661,7,,
51299,0.006371945142745972,7,,
51349,0.004488760139793158,7,,
51399,0.006050147581845522,7,,
51449,0.005238818470388651,7,,
51499,0.005469569005072117,7,,
51549,0.004218817688524723,7,,
51599,0.004312021657824516,7,,
51649,0.0053321728482842445,7,,
51699,0.005250719375908375,7,,
51749,0.006222875788807869,7,,
51799,0.0048148478381335735,7,,
51849,0.004585782531648874,7,,
51899,0.006129944697022438,7,,
51949,0.004517978522926569,7,,
51999,0.005708556622266769,7,,
52049,0.005738115403801203,7,,
52099,0.0048698135651648045,7,,
52149,0.005964054260402918,7,,
52199,0.005019924137741327,7,,
52249,0.004472356755286455,7,,
52299,0.00569804385304451,7,,
52349,0.004931060131639242,7,,
52399,0.0051184906624257565,7,,
52449,0.0052642254158854485,7,,
52499,0.005689204204827547,7,,
52549,0.00473435316234827,7,,
52599,0.0042764563113451,7,,
52649,0.004653336014598608,7,,
52699,0.00629639346152544,7,,
52749,0.005531206261366606,7,,
52799,0.004779407288879156,7,,
52849,0.005388341844081879,7,,
52899,0.004473793786019087,7,,
52949,0.0055454508401453495,7,,
52999,0.004994858987629414,7,,
53049,0.005077739246189594,7,,
53099,0.005213555879890919,7,,
53149,0.004148327279835939,7,,
53199,0.00547562213614583,7,,
53249,0.005921134725213051,7,,
53299,0.005384328309446573,7,,
53349,0.005450672470033169,7,,
53399,0.0054536378011107445,7,,
53449,0.005737070459872484,7,,
53499,0.004834887105971575,7,,
53549,0.004876617342233658,7,,
53599,0.005142617970705032,7,,
53649,0.004113927483558655,7,,
53699,0.005080593284219503,7,,
53749,0.004022055305540562,7,,
53799,0.004931360483169556,7,,
53849,0.004865438211709261,7,,
53899,0.006086986977607012,7,,
53949,0.005001512356102467,7,,
53999,0.00482385978102684,7,,
54049,0.0062905848026275635,7,,
54099,0.0055727544240653515,7,,
54149,0.0036118202842772007,7,,
54199,0.004499063361436129,7,,
54249,0.004085509106516838,7,,
54299,0.004311957862228155,7,,
54349,0.005398631561547518,7,,
54399,0.005174778401851654,7,,
54449,0.005869959015399218,7,,
54499,0.004402126185595989,7,,
54549,0.00594333978369832,7,,
54599,0.0056098285131156445,7,,
54649,0.005261033307760954,7,,
54699,0.005112564656883478,7,,
54749,0.0039932518266141415,7,,
54799,0.005486342590302229,7,,
54849,0.004455091431736946,7,,
54899,0.005066706333309412,7,,
54949,0.004883953835815191,7,,
54999,0.00579055305570364,7,,
55049,0.004886079579591751,7,,
55099,0.005938397254794836,7,,
55149,0.005452741403132677,7,,
55199,0.005346785299479961,7,,
55249,0.005065550561994314,7,,
55299,0.005081888288259506,7,,
55349,0.005097867920994759,7,,
55399,0.004616982769221067,7,,
55449,0.004607521463185549,7,,
55499,0.0050582620315253735,7,,
55549,0.005712191108614206,7,,
55591,,7,0.005240888334810734,
55591,,7,,0.005091861356049776
55599,0.003984019625931978,8,,
55649,0.005335106048732996,8,,
55699,0.0049309879541397095,8,,
55749,0.006090056151151657,8,,
55799,0.0053409188985824585,8,,
55849,0.005006831139326096,8,,
55899,0.004786377772688866,8,,
55949,0.004888334311544895,8,,
55999,0.00446957116946578,8,,
56049,0.00571712851524353,8,,
56099,0.005489357281476259,8,,
56149,0.005637629423290491,8,,
56199,0.004610377363860607,8,,
56249,0.004327876027673483,8,,
56299,0.004592312499880791,8,,
56349,0.006047278176993132,8,,
56399,0.005356576759368181,8,,
56449,0.004635211080312729,8,,
56499,0.005678114015609026,8,,
56549,0.005864626262336969,8,,
56599,0.0048873224295675755,8,,
56649,0.005342831369489431,8,,
56699,0.00521224457770586,8,,
56749,0.004697206895798445,8,,
56799,0.005412771366536617,8,,
56849,0.0060031418688595295,8,,
56899,0.005729991011321545,8,,
56949,0.004765667021274567,8,,
56999,0.004896744154393673,8,,
57049,0.005809039808809757,8,,
57099,0.00452384352684021,8,,
57149,0.004488917533308268,8,,
57199,0.0058125159703195095,8,,
57249,0.004663990344852209,8,,
57299,0.004748948384076357,8,,
57349,0.005209315102547407,8,,
57399,0.00452207587659359,8,,
57449,0.004433106165379286,8,,
57499,0.005114050582051277,8,,
57549,0.005737595725804567,8,,
57599,0.004785341676324606,8,,
57649,0.005305837374180555,8,,
57699,0.004318616818636656,8,,
57749,0.00615514675155282,8,,
57799,0.0049065216444432735,8,,
57849,0.0044144801795482635,8,,
57899,0.00568208284676075,8,,
57949,0.0061829653568565845,8,,
57999,0.0059104361571371555,8,,
58049,0.0058026425540447235,8,,
58099,0.005114886909723282,8,,
58149,0.004075450357049704,8,,
58199,0.006122088059782982,8,,
58249,0.005231406539678574,8,,
58299,0.004879438783973455,8,,
58349,0.004605091642588377,8,,
58399,0.004591525066643953,8,,
58449,0.004665379412472248,8,,
58499,0.005738238338381052,8,,
58549,0.004493762739002705,8,,
58599,0.004066551104187965,8,,
58649,0.004685810301452875,8,,
58699,0.005354085937142372,8,,
58749,0.005116418469697237,8,,
58799,0.00630051689222455,8,,
58849,0.005297548603266478,8,,
58899,0.005578889511525631,8,,
58949,0.004393594339489937,8,,
58999,0.004958980716764927,8,,
59049,0.005054235924035311,8,,
59099,0.00553054129704833,8,,
59149,0.005032532848417759,8,,
59199,0.005735677666962147,8,,
59249,0.004142185673117638,8,,
59299,0.004577102605253458,8,,
59349,0.003962949384003878,8,,
59399,0.00404061283916235,8,,
59449,0.004064091481268406,8,,
59499,0.005116727668792009,8,,
59549,0.00447129225358367,8,,
59599,0.004958553705364466,8,,
59649,0.005664408672600985,8,,
59699,0.00548058096319437,8,,
59749,0.004465791862457991,8,,
59799,0.0061842105351388454,8,,
59849,0.005036390386521816,8,,
59899,0.00562029704451561,8,,
59949,0.0057410853914916515,8,,
59999,0.004775073379278183,8,,
60049,0.005248667672276497,8,,
60099,0.004740558099001646,8,,
60149,0.004979337099939585,8,,
60199,0.0052504763007164,8,,
60249,0.005338503047823906,8,,
60299,0.005067134741693735,8,,
60349,0.004812689498066902,8,,
60399,0.005245038773864508,8,,
60449,0.005446449853479862,8,,
60499,0.004961970262229443,8,,
60549,0.006346857640892267,8,,
60599,0.00513463793322444,8,,
60649,0.006097785662859678,8,,
60699,0.005464341025799513,8,,
60749,0.004116341471672058,8,,
60799,0.004823457915335894,8,,
60849,0.005535287316888571,8,,
60899,0.0050253006629645824,8,,
60949,0.00578299118205905,8,,
60999,0.004724440630525351,8,,
61049,0.004885503556579351,8,,
61099,0.004742227029055357,8,,
61149,0.005059134215116501,8,,
61199,0.005591138731688261,8,,
61249,0.004315034952014685,8,,
61299,0.005624544806778431,8,,
61349,0.005305569153279066,8,,
61399,0.0051415651105344296,8,,
61449,0.005162681452929974,8,,
61499,0.005462426692247391,8,,
61549,0.004483060445636511,8,,
61599,0.004549199249595404,8,,
61649,0.00474958959966898,8,,
61699,0.006828253623098135,8,,
61749,0.00563690485432744,8,,
61799,0.006050268653780222,8,,
61849,0.004891463089734316,8,,
61899,0.004494734574109316,8,,
61949,0.006087691988795996,8,,
61999,0.0050793238915503025,8,,
62049,0.0053165671415627,8,,
62099,0.005540819838643074,8,,
62149,0.00558692729100585,8,,
62199,0.00456969952210784,8,,
62249,0.005357192363590002,8,,
62299,0.003884308971464634,8,,
62349,0.0049841017462313175,8,,
62399,0.005678776651620865,8,,
62449,0.0039818184450268745,8,,
62499,0.004058354999870062,8,,
62540,,8,0.0052901506423950195,
62540,,8,,0.005070816725492477
62549,0.006553305312991142,9,,
62599,0.005473377648741007,9,,
62649,0.00414129626005888,9,,
62699,0.004485633689910173,9,,
62749,0.004275623243302107,9,,
62799,0.005371777340769768,9,,
62849,0.005098029971122742,9,,
62899,0.005304000340402126,9,,
62949,0.006125729996711016,9,,
62999,0.005838790908455849,9,,
63049,0.00545921316370368,9,,
63099,0.004504438489675522,9,,
63149,0.0044948635622859,9,,
63199,0.005068110302090645,9,,
63249,0.004835802596062422,9,,
63299,0.004735234193503857,9,,
63349,0.004320804495364428,9,,
63399,0.005015334114432335,9,,
63449,0.005714745726436377,9,,
63499,0.006041025277227163,9,,
63549,0.0052378010004758835,9,,
63599,0.004360069055110216,9,,
63649,0.005024515092372894,9,,
63699,0.005403259769082069,9,,
63749,0.005539600737392902,9,,
63799,0.004685088526457548,9,,
63849,0.005458823870867491,9,,
63899,0.005309418775141239,9,,
63949,0.005276060197502375,9,,
63999,0.005231955554336309,9,,
64049,0.004740942269563675,9,,
64099,0.00471073342487216,9,,
64149,0.005581448785960674,9,,
64199,0.00437927758321166,9,,
64249,0.005107544362545013,9,,
64299,0.005066685378551483,9,,
64349,0.004354220815002918,9,,
64399,0.005477110389620066,9,,
64449,0.00485806493088603,9,,
64499,0.00443028099834919,9,,
64549,0.006028410978615284,9,,
64599,0.005578453652560711,9,,
64649,0.004421078599989414,9,,
64699,0.004677006509155035,9,,
64749,0.005039428360760212,9,,
64799,0.00521703390404582,9,,
64849,0.004555733408778906,9,,
64899,0.004377910401672125,9,,
64949,0.005403988528996706,9,,
64999,0.004988278262317181,9,,
65049,0.004450247157365084,9,,
65099,0.00520460307598114,9,,
65149,0.006048490293323994,9,,
65199,0.00490734213963151,9,,
65249,0.005043070763349533,9,,
65299,0.0055010668002069,9,,
65349,0.004260803572833538,9,,
65399,0.005376859568059444,9,,
65449,0.004743882920593023,9,,
65499,0.004422083031386137,9,,
65549,0.004145756829530001,9,,
65599,0.005177142098546028,9,,
65649,0.00466786278411746,9,,
65699,0.005479889921844006,9,,
65749,0.00450565991923213,9,,
65799,0.004606070462614298,9,,
65849,0.004977893549948931,9,,
65899,0.005241906736046076,9,,
65949,0.004962517414242029,9,,
65999,0.005212476011365652,9,,
66049,0.0052669597789645195,9,,
66099,0.005226444453001022,9,,
66149,0.005296872928738594,9,,
66199,0.005030705593526363,9,,
66249,0.0044460538774728775,9,,
66299,0.0048070685006678104,9,,
66349,0.005169655196368694,9,,
66399,0.006222567521035671,9,,
66449,0.005132068879902363,9,,
66499,0.004544876050204039,9,,
66549,0.005105050280690193,9,,
66599,0.005489416886121035,9,,
66649,0.004961882717907429,9,,
66699,0.005503377411514521,9,,
66749,0.00522491242736578,9,,
66799,0.0046790484338998795,9,,
66849,0.005294377449899912,9,,
66899,0.004590883851051331,9,,
66949,0.004893182776868343,9,,
66999,0.004241994582116604,9,,
67049,0.0041549718007445335,9,,
67099,0.0054413205944001675,9,,
67149,0.005275108851492405,9,,
67199,0.00486241327598691,9,,
67249,0.004752460401505232,9,,
67299,0.005415015853941441,9,,
67349,0.004315755795687437,9,,
67399,0.005766576621681452,9,,
67449,0.004008031450212002,9,,
67499,0.005422019865363836,9,,
67549,0.005119625013321638,9,,
67599,0.004551195539534092,9,,
67649,0.004316325299441814,9,,
67699,0.004947984591126442,9,,
67749,0.0053298017010092735,9,,
67799,0.00489744683727622,9,,
67849,0.004680374171584845,9,,
67899,0.005648952443152666,9,,
67949,0.005410311743617058,9,,
67999,0.00448385626077652,9,,
68049,0.004688724409788847,9,,
68099,0.004692549351602793,9,,
68149,0.004064423497766256,9,,
68199,0.005142530892044306,9,,
68249,0.005682643502950668,9,,
68299,0.004649662412703037,9,,
68349,0.003877829061821103,9,,
68399,0.004780038725584745,9,,
68449,0.004722443874925375,9,,
68499,0.00547369197010994,9,,
68549,0.005200010258704424,9,,
68599,0.005198209546506405,9,,
68649,0.0043652839958667755,9,,
68699,0.004977335687726736,9,,
68749,0.005110263358801603,9,,
68799,0.004616675432771444,9,,
68849,0.005411337595432997,9,,
68899,0.005406989250332117,9,,
68949,0.004523599520325661,9,,
68999,0.005239407531917095,9,,
69049,0.005476789548993111,9,,
69099,0.004317641258239746,9,,
69149,0.005224707070738077,9,,
69199,0.0050174156203866005,9,,
69249,0.00557154743000865,9,,
69299,0.005192046985030174,9,,
69349,0.005992763210088015,9,,
69399,0.005015952046960592,9,,
69449,0.005521364510059357,9,,
69489,,9,0.005160564091056585,
69489,,9,,0.005052955821156502
69499,0.005242098122835159,10,,
69549,0.00522860512137413,10,,
69599,0.004342252854257822,10,,
69649,0.005241533741354942,10,,
69699,0.0052809580229222775,10,,
69749,0.00425479281693697,10,,
69799,0.0056734755635261536,10,,
69849,0.004907692316919565,10,,
69899,0.0047167507000267506,10,,
69949,0.004497659858316183,10,,
69999,0.004738841205835342,10,,
70049,0.0039710476994514465,10,,
70099,0.0053717587143182755,10,,
70149,0.005318710580468178,10,,
70199,0.0042408062145113945,10,,
70249,0.005100212059915066,10,,
70299,0.005856905598193407,10,,
70349,0.005223692394793034,10,,
70399,0.005298176780343056,10,,
70449,0.005058505106717348,10,,
70499,0.005136382766067982,10,,
70549,0.006424412131309509,10,,
70599,0.005342284683138132,10,,
